categoria,gasto_total
Educação,13441.560000000005
Transporte,13030.11
Moradia,12449.470000000001
Compras,12327.54
Lazer,11110.239999999998
Saúde,10848.590000000002
Alimentação,9532.37
