ano,mes,gasto_mes
2025,3,4777.16
2025,4,23473.609999999993
2025,5,19273.390000000003
2025,6,18587.909999999996
2025,7,16627.809999999998
