categoria,media_gasto
Lazer,444.4095999999999
Transporte,434.33700000000005
Compras,425.08758620689656
Alimentação,414.45086956521743
Educação,407.32000000000016
Moradia,401.59580645161293
Saúde,374.08931034482765
